{
    "train_accuracy": 0.926829268292683,
    "test_accuracy": 0.8181818181818182,
    "precision": 0.8701298701298701,
    "recall": 0.8181818181818182,
    "f1_score": 0.8151515151515153,
    "confusion_matrix": [
        [
            4,
            2
        ],
        [
            0,
            5
        ]
    ],
    "trained_date": "2026-03-07T12:57:12.907425",
    "train_size": 41,
    "test_size": 11
}